{"cameraMode":{"drawMode":0,"name":"Shaded","section":"Shading Mode"},"sceneLighting":true,"audioPlay":false,"sceneViewState":{"m_AlwaysRefresh":false,"showFog":true,"showSkybox":true,"showFlares":true,"showImageEffects":true,"showParticleSystems":true,"showVisualEffectGraphs":true,"m_FxEnabled":true},"in2DMode":false,"pivot":{"x":9.238744735717774,"y":8.229560852050782,"z":19.798316955566408},"rotation":{"x":0.02665233425796032,"y":-0.5325294137001038,"z":0.016780221834778787,"w":0.8458253145217896},"size":14.740802764892579,"orthographic":false}