{"cameraMode":{"drawMode":0,"name":"Shaded","section":"Shading Mode"},"sceneLighting":false,"audioPlay":false,"sceneViewState":{"m_AlwaysRefresh":false,"showFog":true,"showSkybox":false,"showFlares":true,"showImageEffects":true,"showParticleSystems":true,"showVisualEffectGraphs":true,"m_FxEnabled":true},"in2DMode":false,"pivot":{"x":5.960464477539063e-7,"y":1.0407719612121583,"z":11.859563827514649},"rotation":{"x":0.7437951564788818,"y":0.0538608580827713,"z":-0.06037931144237518,"w":0.6634923815727234},"size":1.9352562427520753,"orthographic":false}